순위,조건,다음날상승확률(%),발생횟수,기준선대비(%p),평균수익(%),검증결과메모
1,"거래량1.5 + 음봉1",60.4,197,9.3,0.91,
2,"10일+20% + RSI과매수70 + 양봉1",59.6,151,8.5,0.99,
3,"3%하락 + 이격-5 + 종가하락2",59.5,158,8.4,0.88,
4,"20아래 + RSI과매도30 + 고변동5",59.5,153,8.4,0.72,
5,"RSI과매도30 + 고변동5",59.5,153,8.4,0.72,
6,"RSI과매도30 + 고변동5 + 이격-5",59.5,153,8.4,0.72,
7,"20위 + 고변동5 + 음봉1",59.5,185,8.4,0.71,
8,"종가하락2 + 종가하락3 + 종가하락4",59.4,165,8.3,0.86,
9,"종가하락2 + 종가하락4",59.4,165,8.3,0.86,
10,"종가하락3 + 종가하락4",59.4,165,8.3,0.86,
11,"종가하락4",59.4,165,8.3,0.86,
12,"10일+20% + 20위 + RSI과매수70",59.2,228,8.1,0.98,
13,"10일+20% + RSI과매수70",59.2,228,8.1,0.98,
14,"10일+20% + RSI과매수70 + 이격+5",59.2,228,8.1,0.98,
15,"3%하락 + 고변동5 + 종가하락2",59.1,176,8.0,0.98,
16,"10일+20% + 20위 + 양봉1",59.1,171,8.0,0.84,
17,"10일+20% + 양봉1 + 이격+5",59.1,171,8.0,0.84,
18,"고변동5 + 이격-5 + 종가하락2",59.1,171,8.0,0.66,
19,"10일+20% + RSI과매수70 + 이격+10",59.0,227,7.9,0.98,
20,"10일+20% + 60위 + RSI과매수70",59.0,222,7.9,0.92,
21,"3%하락 + 60위 + 음봉1",58.8,216,7.7,0.53,
22,"3%하락 + 60위",58.8,228,7.7,0.52,
23,"10일+20% + 양봉1",58.7,172,7.6,0.79,
24,"10일+20% + 20위 + 이격+5",58.7,264,7.6,0.88,
25,"10일+20% + 이격+5",58.7,264,7.6,0.88,
26,"10일+20% + 20위 + 이격+10",58.5,253,7.4,0.86,
27,"10일+20% + 이격+10",58.5,253,7.4,0.86,
28,"10일+20% + 이격+10 + 이격+5",58.5,253,7.4,0.86,
29,"10일+20% + 20위",58.5,265,7.4,0.84,
30,"10일+20% + 양봉1 + 이격+10",58.3,168,7.2,0.76,
31,"60아래 + 고변동5 + 종가하락2",58.2,170,7.1,0.43,
32,"60아래 + 음봉2 + 종가하락3",58.1,179,7.0,0.24,
33,"10일+20%",58.1,267,7.0,0.78,
34,"10일+20% + 60위 + 이격+10",58.0,243,6.9,0.82,
35,"20아래 + 고변동5 + 이격-10",58.0,181,6.9,0.83,
36,"고변동5 + 이격-10",58.0,181,6.9,0.83,
37,"고변동5 + 이격-10 + 이격-5",58.0,181,6.9,0.83,
38,"10일+20% + 60위 + 이격+5",58.0,250,6.9,0.80,
39,"RSI과매수70 + 음봉1 + 이격+10",58.0,150,6.9,0.61,
40,"60아래 + 음봉1 + 종가하락3",57.9,214,6.8,0.51,
41,"60아래 + 고변동5 + 이격-10",57.8,166,6.7,0.80,
42,"20아래 + 60아래 + 종가하락3",57.8,244,6.7,0.55,
43,"고변동5 + 종가하락2",57.8,270,6.7,0.57,
44,"10일+20% + 20위 + 60위",57.8,251,6.7,0.76,
45,"10일+20% + 60위",57.8,251,6.7,0.76,
46,"60아래 + 종가하락2 + 종가하락3",57.7,253,6.6,0.57,
47,"60아래 + 종가하락3",57.7,253,6.6,0.57,
48,"60위 + 고변동5 + 음봉1",57.6,243,6.5,0.40,
49,"3%하락 + 종가하락2",57.6,276,6.5,0.77,
50,"RSI과매수70 + 음봉1 + 이격+5",57.6,238,6.5,0.36,
51,"10일+20% + 60위 + 양봉1",57.5,160,6.4,0.68,
52,"갭하락1 + 종가하락2 + 종가하락3",57.3,150,6.2,0.53,
53,"갭하락1 + 종가하락3",57.3,150,6.2,0.53,
54,"20위 + 3%하락",57.3,157,6.2,0.29,
55,"음봉1 + 종가상승2",57.3,192,6.2,0.82,
56,"3일-10%",57.2,159,6.1,0.94,
57,"고변동5 + 음봉1 + 종가하락2",57.2,236,6.1,0.57,
58,"60위 + RSI과매수70 + 음봉1",57.2,257,6.1,0.41,
59,"20위 + RSI과매수70 + 음봉1",57.2,271,6.1,0.33,
60,"RSI과매수70 + 음봉1",57.2,271,6.1,0.33,
61,"20위 + 음봉1 + 이격+10",57.1,182,6.0,0.71,
62,"음봉1 + 이격+10",57.1,182,6.0,0.71,
63,"음봉1 + 이격+10 + 이격+5",57.1,182,6.0,0.71,
64,"20아래 + 3%하락 + 종가하락2",57.1,226,6.0,0.76,
65,"20아래 + 고변동5 + 종가하락2",57.1,219,6.0,0.46,
66,"5_10상향",56.9,202,5.8,0.64,
67,"60아래 + 음봉3 + 종가하락2",56.8,183,5.7,0.19,
68,"RSI과매수70 + 이격+10 + 종가상승3",56.7,164,5.6,0.88,
69,"3%하락 + 음봉1 + 종가하락2",56.6,256,5.5,0.78,
70,"RSI과매수80 + 양봉1 + 이격+10",56.6,166,5.5,0.57,
71,"20위 + 이격+10 + 종가상승3",56.6,189,5.5,0.80,
72,"이격+10 + 이격+5 + 종가상승3",56.6,189,5.5,0.80,
73,"이격+10 + 종가상승2 + 종가상승3",56.6,189,5.5,0.80,
74,"이격+10 + 종가상승3",56.6,189,5.5,0.80,
75,"20아래 + 종가하락2 + 종가하락3",56.6,318,5.5,0.56,
76,"20아래 + 종가하락3",56.6,318,5.5,0.56,
77,"3%하락 + 5%하락",56.6,212,5.5,0.89,
78,"5%하락",56.6,212,5.5,0.89,
79,"20위 + 종가하락2",56.6,258,5.5,0.40,
80,"갭상승1 + 고변동5 + 음봉1",56.6,175,5.5,0.43,
81,"종가하락2 + 종가하락3",56.5,391,5.4,0.56,
82,"종가하락3",56.5,391,5.4,0.56,
83,"양봉1 + 이격+10 + 종가상승3",56.5,154,5.4,0.74,
84,"20아래 + 거래량1.5",56.5,170,5.4,0.63,
85,"음봉1 + 음봉3 + 종가하락3",56.5,232,5.4,0.25,
86,"음봉2 + 음봉3 + 종가하락3",56.5,232,5.4,0.25,
87,"음봉3 + 종가하락2 + 종가하락3",56.5,232,5.4,0.25,
88,"음봉3 + 종가하락3",56.5,232,5.4,0.25,
89,"20위 + 음봉1 + 종가하락2",56.5,209,5.4,0.35,
90,"20아래 + 음봉3 + 종가하락3",56.4,195,5.3,0.30,
91,"20아래 + 음봉1 + 음봉4",56.3,183,5.2,0.14,
92,"20아래 + 음봉2 + 음봉4",56.3,183,5.2,0.14,
93,"20아래 + 음봉3 + 음봉4",56.3,183,5.2,0.14,
94,"20아래 + 음봉4",56.3,183,5.2,0.14,
95,"60위 + 음봉1 + 이격+10",56.3,176,5.2,0.70,
96,"20위 + RSI과매수70 + 고변동5",56.2,201,5.1,0.41,
97,"RSI과매수70 + 고변동5",56.2,201,5.1,0.41,
98,"60아래 + 이격-5 + 종가하락3",56.1,187,5.1,0.53,
99,"음봉1 + 종가하락2 + 종가하락3",56.1,328,5.0,0.42,
100,"음봉1 + 종가하락3",56.1,328,5.0,0.42,
101,"RSI과매수70 + 고변동5 + 이격+5",56.0,200,4.9,0.40,
102,"20위 + RSI과매수70 + 이격+10",56.0,459,4.9,0.68,
103,"RSI과매수70 + 이격+10",56.0,459,4.9,0.68,
104,"RSI과매수70 + 이격+10 + 이격+5",56.0,459,4.9,0.68,
105,"3%하락 + 5%하락 + 고변동5",56.0,184,4.9,0.97,
106,"5%하락 + 고변동5",56.0,184,4.9,0.97,
107,"20위 + RSI과매수80 + 이격+10",55.9,227,4.8,0.51,
108,"RSI과매수70 + RSI과매수80 + 이격+10",55.9,227,4.8,0.51,
109,"RSI과매수80 + 이격+10",55.9,227,4.8,0.51,
110,"RSI과매수80 + 이격+10 + 이격+5",55.9,227,4.8,0.51,
111,"3%하락 + 고변동5 + 이격-5",55.9,188,4.8,0.82,
112,"20아래 + 음봉2 + 종가하락3",55.8,231,4.7,0.23,
113,"고변동5 + 음봉2 + 이격-5",55.8,156,4.7,0.45,
114,"60위 + RSI과매수70 + 고변동5",55.7,192,4.6,0.40,
115,"5%하락 + 고변동5 + 음봉1",55.7,176,4.6,0.95,
116,"20위 + 60위 + 종가하락2",55.7,212,4.6,0.43,
117,"20아래 + 음봉1 + 종가하락3",55.6,266,4.5,0.42,
118,"RSI과매수70 + 양봉2 + 이격+10",55.6,187,4.5,0.66,
119,"20아래 + 이격-5 + 종가하락3",55.6,214,4.5,0.60,
120,"이격-5 + 종가하락2 + 종가하락3",55.6,214,4.5,0.60,
121,"이격-5 + 종가하락3",55.6,214,4.5,0.60,
122,"음봉1 + 음봉3 + 종가하락2",55.6,295,4.5,0.19,
123,"음봉2 + 음봉3 + 종가하락2",55.6,295,4.5,0.19,
124,"음봉3 + 종가하락2",55.6,295,4.5,0.19,
125,"3%하락 + 60아래 + 종가하락2",55.6,171,4.5,0.61,
126,"20아래 + 3%하락 + 5%하락",55.5,164,4.4,0.95,
127,"20아래 + 5%하락",55.5,164,4.4,0.95,
128,"20아래 + 음봉3 + 종가하락2",55.5,238,4.4,0.24,
129,"20아래 + 갭하락1 + 갭하락2",55.5,211,4.4,0.40,
130,"20아래 + 갭하락2",55.5,211,4.4,0.40,
131,"60위 + 이격+10 + 종가상승3",55.4,175,4.3,0.63,
132,"3%하락 + 갭하락1 + 갭하락2",55.4,166,4.3,0.35,
133,"3%하락 + 갭하락2",55.4,166,4.3,0.35,
134,"3%하락 + 갭하락1 + 종가하락2",55.4,157,4.3,0.31,
135,"음봉1 + 음봉2 + 종가하락3",55.4,278,4.3,0.13,
136,"음봉2 + 종가하락2 + 종가하락3",55.4,278,4.3,0.13,
137,"음봉2 + 종가하락3",55.4,278,4.3,0.13,
138,"갭하락1 + 갭하락2 + 고변동5",55.4,168,4.3,0.50,
139,"갭하락2 + 고변동5",55.4,168,4.3,0.50,
140,"20위 + 이격+10",55.3,553,4.2,0.65,
141,"20위 + 이격+10 + 이격+5",55.3,553,4.2,0.65,
142,"이격+10",55.3,553,4.2,0.65,
143,"이격+10 + 이격+5",55.3,553,4.2,0.65,
144,"60위 + RSI과매수70 + 이격+10",55.3,443,4.2,0.62,
145,"3%상승 + 이격+5 + 종가상승2",55.3,208,4.2,0.58,
146,"3%하락 + 5%하락 + 음봉1",55.3,199,4.2,0.82,
147,"5%하락 + 음봉1",55.3,199,4.2,0.82,
148,"RSI과매수70 + 이격+10 + 종가상승2",55.3,237,4.2,0.78,
149,"양봉1 + 이격+10 + 종가상승2",55.3,228,4.2,0.61,
150,"RSI과매도30 + 음봉1 + 이격-10",55.3,152,4.2,0.03,
151,"60위 + RSI과매수80 + 이격+10",55.2,221,4.1,0.40,
152,"RSI과매수70 + 양봉1 + 이격+10",55.2,308,4.1,0.73,
153,"RSI과매수70 + 갭상승1 + 이격+10",55.2,203,4.1,0.51,
154,"RSI과매수70 + 양봉1 + 종가상승3",55.1,167,4.0,0.68,
155,"20위 + 이격+10 + 종가상승2",55.0,278,3.9,0.68,
156,"이격+10 + 이격+5 + 종가상승2",55.0,278,3.9,0.68,
157,"이격+10 + 종가상승2",55.0,278,3.9,0.68,
158,"20위 + 5일+15% + 이격+5",55.0,160,3.9,0.93,
159,"5일+15% + 이격+5",55.0,160,3.9,0.93,
160,"고변동5 + 음봉2 + 종가하락2",55.0,200,3.9,0.35,
161,"3%하락 + 고변동5",54.9,355,3.8,0.58,
162,"고변동5 + 음봉1",54.9,548,3.8,0.37,
163,"20위 + 양봉2 + 이격+10",54.9,224,3.8,0.53,
164,"양봉1 + 양봉2 + 이격+10",54.9,224,3.8,0.53,
165,"양봉2 + 이격+10",54.9,224,3.8,0.53,
166,"양봉2 + 이격+10 + 이격+5",54.9,224,3.8,0.53,
167,"RSI과매수70 + 고변동5 + 이격+10",54.9,184,3.8,0.38,
168,"3%하락 + 음봉2 + 종가하락2",54.9,215,3.8,0.59,
169,"RSI과매수80 + 이격+5 + 종가상승2",54.9,164,3.8,0.56,
170,"20위 + RSI과매수70 + 종가상승3",54.9,206,3.8,0.68,
171,"RSI과매수70 + 종가상승2 + 종가상승3",54.9,206,3.8,0.68,
172,"RSI과매수70 + 종가상승3",54.9,206,3.8,0.68,
173,"음봉1 + 이격-5 + 종가하락3",54.8,177,3.7,0.43,
174,"20위 + 고변동5 + 이격+5",54.8,334,3.7,0.21,
175,"고변동5 + 이격+5",54.8,334,3.7,0.21,
176,"20위 + 고변동5 + 이격+10",54.8,230,3.7,0.29,
177,"고변동5 + 이격+10",54.8,230,3.7,0.29,
178,"고변동5 + 이격+10 + 이격+5",54.8,230,3.7,0.29,
179,"고변동5 + 음봉1 + 이격-5",54.8,252,3.7,0.47,
180,"60아래 + 음봉1 + 이격-10",54.7,192,3.6,0.20,
181,"3%상승 + RSI과매수70 + 이격+10",54.7,172,3.6,0.67,
182,"20아래 + 고변동5 + 이격-5",54.6,359,3.5,0.59,
183,"고변동5 + 이격-5",54.6,359,3.5,0.59,
184,"20아래 + 음봉1 + 이격-10",54.6,207,3.5,0.19,
185,"음봉1 + 이격-10",54.6,207,3.5,0.19,
186,"음봉1 + 이격-10 + 이격-5",54.6,207,3.5,0.19,
187,"20위 + RSI과매수80 + 종가상승2",54.5,165,3.4,0.55,
188,"RSI과매수70 + RSI과매수80 + 종가상승2",54.5,165,3.4,0.55,
189,"RSI과매수80 + 종가상승2",54.5,165,3.4,0.55,
190,"60아래 + 고변동5 + 음봉2",54.5,165,3.4,0.27,
191,"20위 + 양봉1 + 이격+10",54.5,369,3.4,0.62,
192,"양봉1 + 이격+10",54.5,369,3.4,0.62,
193,"양봉1 + 이격+10 + 이격+5",54.5,369,3.4,0.62,
194,"20위 + 60위 + 고변동5",54.5,393,3.4,0.32,
195,"20위 + 60위 + 이격+10",54.4,529,3.3,0.60,
196,"60위 + 이격+10",54.4,529,3.3,0.60,
197,"60위 + 이격+10 + 이격+5",54.4,529,3.3,0.60,
198,"3%하락 + 고변동5 + 음봉1",54.4,340,3.3,0.60,
199,"3%하락 + 고변동5 + 음봉2",54.4,171,3.3,0.70,
200,"20아래 + RSI과매도30 + 이격-10",54.3,219,3.2,0.24,
201,"RSI과매도30 + 이격-10",54.3,219,3.2,0.24,
202,"RSI과매도30 + 이격-10 + 이격-5",54.3,219,3.2,0.24,
203,"60아래 + RSI과매도30 + 이격-10",54.3,210,3.2,0.28,
204,"60위 + 고변동5",54.3,516,3.2,0.27,
205,"갭상승1 + 음봉1 + 종가상승2",54.2,153,3.1,0.83,
206,"3%상승 + 갭상승1 + 종가상승2",54.2,177,3.1,0.56,
207,"RSI과매수70 + 이격+5 + 종가상승3",54.2,201,3.1,0.69,
208,"음봉1 + 음봉2 + 음봉4",54.2,225,3.1,0.08,
209,"음봉1 + 음봉3 + 음봉4",54.2,225,3.1,0.08,
210,"음봉1 + 음봉4",54.2,225,3.1,0.08,
211,"음봉2 + 음봉3 + 음봉4",54.2,225,3.1,0.08,
212,"음봉2 + 음봉4",54.2,225,3.1,0.08,
213,"음봉3 + 음봉4",54.2,225,3.1,0.08,
214,"음봉4",54.2,225,3.1,0.08,
215,"60위 + 고변동5 + 이격+5",54.2,297,3.1,0.22,
216,"RSI과매수80 + 양봉1 + 이격+5",54.2,203,3.1,0.44,
217,"20위 + 갭상승1 + 이격+10",54.1,242,3.0,0.51,
218,"갭상승1 + 이격+10",54.1,242,3.0,0.51,
219,"갭상승1 + 이격+10 + 이격+5",54.1,242,3.0,0.51,
220,"3%상승 + 종가상승2 + 종가상승3",54.1,159,3.0,0.71,
221,"3%상승 + 종가상승3",54.1,159,3.0,0.71,
222,"20위 + 3%상승 + 이격+10",54.0,211,2.9,0.57,
223,"3%상승 + 이격+10",54.0,211,2.9,0.57,
224,"3%상승 + 이격+10 + 이격+5",54.0,211,2.9,0.57,
225,"20아래 + 3%상승",54.0,174,2.9,0.41,
226,"5_10하향",54.0,200,2.9,0.32,
227,"20위 + 5일+15% + 60위",54.0,150,2.9,0.84,
228,"5일+15% + 60위",54.0,150,2.9,0.84,
229,"20위 + 60위 + 음봉1",53.9,710,2.8,0.33,
230,"20위 + RSI과매수70",53.9,753,2.8,0.47,
231,"RSI과매수70",53.9,753,2.8,0.47,
232,"60위 + 고변동5 + 이격+10",53.9,217,2.8,0.29,
233,"60위 + RSI과매수70 + 종가상승3",53.9,193,2.8,0.52,
234,"20아래 + 갭상승1 + 이격-5",53.9,193,2.8,0.52,
235,"갭상승1 + 이격-5",53.9,193,2.8,0.52,
236,"20위 + 음봉1 + 이격+5",53.8,416,2.7,0.49,
237,"음봉1 + 이격+5",53.8,416,2.7,0.49,
238,"3%하락",53.8,552,2.7,0.44,
239,"20위 + RSI과매수70 + 양봉2",53.8,277,2.7,0.54,
240,"RSI과매수70 + 양봉1 + 양봉2",53.8,277,2.7,0.54,
241,"RSI과매수70 + 양봉2",53.8,277,2.7,0.54,
242,"20위 + RSI과매수70 + 이격+5",53.8,692,2.7,0.47,
243,"RSI과매수70 + 이격+5",53.8,692,2.7,0.47,
244,"60위 + RSI과매수80 + 종가상승2",53.8,160,2.7,0.42,
245,"갭하락1 + 갭하락2",53.8,320,2.7,0.19,
246,"갭하락2",53.8,320,2.7,0.19,
247,"20아래 + 3%하락 + 이격-5",53.7,255,2.6,0.62,
248,"3%하락 + 이격-5",53.7,255,2.6,0.62,
249,"20위 + 음봉1",53.7,873,2.6,0.30,
250,"60아래 + 음봉1 + 음봉3",53.7,272,2.6,0.02,
251,"60아래 + 음봉2 + 음봉3",53.7,272,2.6,0.02,
252,"60아래 + 음봉3",53.7,272,2.6,0.02,
253,"5일+15%",53.7,177,2.6,0.83,
254,"60위 + 이격+10 + 종가상승2",53.7,259,2.6,0.58,
255,"20위 + 갭상승1 + 종가상승3",53.7,164,2.6,0.49,
256,"20위 + RSI과매수80 + 양봉1",53.7,205,2.6,0.43,
257,"RSI과매수70 + RSI과매수80 + 양봉1",53.7,205,2.6,0.43,
258,"RSI과매수80 + 양봉1",53.7,205,2.6,0.43,
259,"20아래 + 이격-10",53.6,302,2.5,0.29,
260,"20아래 + 이격-10 + 이격-5",53.6,302,2.5,0.29,
261,"이격-10",53.6,302,2.5,0.29,
262,"이격-10 + 이격-5",53.6,302,2.5,0.29,
263,"60위 + 종가하락2",53.6,371,2.5,0.24,
264,"60위 + 고변동5 + 종가상승2",53.6,166,2.5,0.22,
265,"20위 + 3%상승 + RSI과매수70",53.6,194,2.5,0.69,
266,"3%상승 + RSI과매수70",53.6,194,2.5,0.69,
267,"3%상승 + RSI과매수70 + 이격+5",53.6,194,2.5,0.69,
268,"20아래 + 5%하락 + 음봉1",53.6,153,2.5,0.84,
269,"종가하락2",53.6,868,2.5,0.20,
270,"20위 + 5일+15%",53.6,168,2.5,0.79,
271,"60위 + 양봉1 + 이격+10",53.6,351,2.5,0.54,
272,"60위 + 양봉2 + 이격+10",53.6,211,2.5,0.44,
273,"60아래 + 종가하락2",53.5,497,2.4,0.16,
274,"20위 + 60위 + RSI과매수70",53.5,714,2.4,0.46,
275,"60위 + RSI과매수70",53.5,714,2.4,0.46,
276,"20아래 + 3%하락 + 고변동5",53.5,258,2.4,0.60,
277,"20아래 + 60아래 + 음봉3",53.5,260,2.4,0.06,
278,"60위 + 거래량1.5 + 고변동5",53.5,159,2.4,0.56,
279,"갭하락1 + 종가하락2",53.4,290,2.3,0.11,
280,"60위 + RSI과매수70 + 이격+5",53.4,661,2.3,0.46,
281,"60아래 + 음봉1 + 종가하락2",53.4,412,2.3,0.16,
282,"음봉1 + 음봉2 + 음봉3",53.4,472,2.3,0.10,
283,"음봉1 + 음봉3",53.4,472,2.3,0.10,
284,"음봉2 + 음봉3",53.4,472,2.3,0.10,
285,"음봉3",53.4,472,2.3,0.10,
286,"고변동5 + 음봉1 + 음봉2",53.4,281,2.3,0.32,
287,"고변동5 + 음봉2",53.4,281,2.3,0.32,
288,"20위 + 음봉2 + 종가하락2",53.4,163,2.3,-0.04,
289,"20위 + RSI과매수80 + 이격+5",53.4,283,2.3,0.36,
290,"RSI과매수70 + RSI과매수80 + 이격+5",53.4,283,2.3,0.36,
291,"RSI과매수80 + 이격+5",53.4,283,2.3,0.36,
292,"20아래 + 60아래 + 이격-10",53.4,283,2.3,0.28,
293,"60아래 + 이격-10",53.4,283,2.3,0.28,
294,"60아래 + 이격-10 + 이격-5",53.4,283,2.3,0.28,
295,"갭상승1 + 종가상승2",53.4,388,2.3,0.55,
296,"60아래 + 갭하락1 + 갭하락2",53.3,182,2.2,0.28,
297,"60아래 + 갭하락2",53.3,182,2.2,0.28,
298,"3%상승 + 60위 + 이격+10",53.3,199,2.2,0.52,
299,"20아래 + 음봉1 + 음봉3",53.3,353,2.2,0.06,
300,"20아래 + 음봉2 + 음봉3",53.3,353,2.2,0.06,
301,"20아래 + 음봉3",53.3,353,2.2,0.06,
302,"3%하락 + 음봉1",53.2,524,2.1,0.43,
303,"60위 + 음봉1",53.2,1005,2.1,0.23,
304,"3%상승 + 60위 + RSI과매수70",53.2,186,2.1,0.59,
305,"3%하락 + 음봉1 + 음봉2",53.2,265,2.1,0.46,
306,"3%하락 + 음봉2",53.2,265,2.1,0.46,
307,"3%상승 + 종가상승2",53.2,314,2.1,0.54,
308,"60아래 + 음봉2 + 종가하락2",53.2,348,2.1,0.00,
309,"20위 + 3일+10% + 이격+5",53.1,175,2.0,0.87,
310,"3일+10% + 이격+5",53.1,175,2.0,0.87,
311,"20위 + RSI과매수70 + 갭상승1",53.1,241,2.0,0.34,
312,"RSI과매수70 + 갭상승1",53.1,241,2.0,0.34,
313,"60아래 + 고변동5 + 이격-5",53.1,307,2.0,0.54,
314,"60위 + RSI과매수70 + 양봉2",53.1,262,2.0,0.48,
315,"60위 + RSI과매수70 + 갭상승1",53.0,232,1.9,0.32,
316,"60위 + 갭상승1 + 이격+10",53.0,232,1.9,0.40,
317,"60위 + 음봉1 + 음봉3",53.0,200,1.9,0.21,
318,"60위 + 음봉2 + 음봉3",53.0,200,1.9,0.21,
319,"60위 + 음봉3",53.0,200,1.9,0.21,
320,"3%하락 + 60아래 + 이격-5",53.0,217,1.9,0.66,
321,"60위 + 음봉1 + 이격+5",53.0,385,1.9,0.51,
322,"음봉1 + 종가하락2",53.0,721,1.9,0.17,
323,"갭상승1 + 양봉1 + 이격+10",53.0,151,1.9,0.30,
324,"20위 + 60아래 + 양봉2",53.0,151,1.9,0.22,
325,"3%상승 + 갭상승1 + 이격+5",53.0,185,1.9,0.56,
326,"양봉2 + 이격+10 + 종가상승2",53.0,185,1.9,0.34,
327,"RSI과매수70 + 갭상승1 + 이격+5",53.0,236,1.9,0.35,
328,"60위 + RSI과매수80 + 이격+5",52.9,276,1.8,0.28,
329,"20아래 + 갭상승1 + 음봉1",52.9,242,1.8,0.17,
330,"3%하락 + 음봉1 + 이격-5",52.9,242,1.8,0.58,
331,"음봉2 + 이격-5 + 종가하락2",52.9,244,1.8,0.10,
332,"3%상승 + 60아래",52.9,210,1.8,0.53,
333,"3%상승 + 양봉1 + 이격+10",52.8,195,1.7,0.41,
334,"20위 + 고변동5",52.8,479,1.7,0.24,
335,"갭상승1 + 양봉1 + 종가상승2",52.8,231,1.7,0.38,
336,"60아래 + RSI과매도30 + 음봉1",52.8,231,1.7,0.31,
337,"20위 + 갭상승2 + 이격+5",52.8,178,1.7,0.68,
338,"RSI과매수70 + 양봉2 + 이격+5",52.8,267,1.7,0.49,
339,"갭상승1 + 갭상승2 + 이격+5",52.8,178,1.7,0.68,
340,"갭상승2 + 이격+5",52.8,178,1.7,0.68,
341,"20아래 + 3%상승 + 양봉1",52.8,161,1.7,0.28,
342,"60아래 + 고변동5 + 음봉1",52.8,305,1.7,0.35,
343,"20위 + 3%상승 + 이격+5",52.8,324,1.7,0.54,
344,"3%상승 + 이격+5",52.8,324,1.7,0.54,
345,"20위 + RSI과매수70 + RSI과매수80",52.8,288,1.7,0.35,
346,"20위 + RSI과매수80",52.8,288,1.7,0.35,
347,"RSI과매수70 + RSI과매수80",52.8,288,1.7,0.35,
348,"RSI과매수80",52.8,288,1.7,0.35,
349,"20아래 + 60아래 + 종가하락2",52.8,451,1.7,0.15,
350,"20아래 + 60아래 + 갭하락2",52.8,163,1.7,0.42,
351,"20위 + 60아래 + 음봉1",52.8,163,1.7,0.18,
352,"음봉1 + 이격-5 + 종가하락2",52.7,292,1.6,0.20,
353,"RSI과매도30 + 음봉1 + 이격-5",52.7,239,1.6,0.21,
354,"갭하락1 + 갭하락2 + 양봉1",52.7,167,1.6,0.11,
355,"갭하락2 + 양봉1",52.7,167,1.6,0.11,
356,"20아래 + 음봉3 + 이격-5",52.7,205,1.6,0.02,
357,"음봉1 + 음봉3 + 이격-5",52.7,205,1.6,0.02,
358,"음봉2 + 음봉3 + 이격-5",52.7,205,1.6,0.02,
359,"음봉3 + 이격-5",52.7,205,1.6,0.02,
360,"60위 + 갭상승1 + 종가상승2",52.7,281,1.6,0.36,
361,"20아래 + 이격-5 + 종가하락2",52.6,359,1.5,0.20,
362,"이격-5 + 종가하락2",52.6,359,1.5,0.20,
363,"20아래 + 고변동5 + 음봉1",52.6,363,1.5,0.20,
364,"20위 + 3일+10%",52.6,192,1.5,0.84,
365,"20위 + RSI과매수70 + 종가상승2",52.6,327,1.5,0.56,
366,"RSI과매수70 + 종가상승2",52.6,327,1.5,0.56,
367,"60아래 + 이격-5 + 종가하락2",52.6,310,1.5,0.21,
368,"갭상승1 + 이격+5 + 종가상승2",52.6,215,1.5,0.52,
369,"거래량1.5 + 고변동5",52.6,274,1.5,0.58,
370,"갭상승1 + 종가상승2 + 종가상승3",52.6,196,1.5,0.49,
371,"갭상승1 + 종가상승3",52.6,196,1.5,0.49,
372,"3%상승 + RSI과매수70 + 양봉1",52.5,177,1.4,0.54,
373,"20위 + 60아래 + 양봉1",52.5,276,1.4,0.18,
374,"20아래 + 고변동5 + 음봉2",52.5,217,1.4,0.10,
375,"20위 + 60위 + RSI과매수80",52.5,280,1.4,0.27,
376,"60위 + RSI과매수70 + RSI과매수80",52.5,280,1.4,0.27,
377,"60위 + RSI과매수80",52.5,280,1.4,0.27,
378,"60위 + RSI과매수80 + 양봉1",52.5,200,1.4,0.29,
379,"20위 + 3%상승 + 종가상승2",52.5,261,1.4,0.48,
380,"고변동5",52.5,1010,1.4,0.27,
381,"20아래 + 갭하락1 + 종가하락2",52.4,225,1.3,-0.03,
382,"60위 + 갭상승2 + 이격+5",52.4,164,1.3,0.57,
383,"RSI과매수70 + 양봉1 + 종가상승2",52.4,267,1.3,0.49,
384,"60위 + 음봉1 + 종가하락2",52.4,309,1.3,0.19,
385,"20아래 + RSI과매도30 + 음봉1",52.4,248,1.3,0.21,
386,"RSI과매도30 + 음봉1",52.4,248,1.3,0.21,
387,"20위 + 갭상승1 + 종가상승2",52.4,290,1.3,0.41,
388,"20아래 + 3%하락",52.4,395,1.3,0.50,
389,"3%하락 + 60아래 + 고변동5",52.3,214,1.2,0.61,
390,"20위 + 60아래",52.3,451,1.2,0.17,
391,"20아래 + 종가하락2",52.3,610,1.2,0.11,
392,"갭상승1 + 음봉1 + 이격+5",52.3,153,1.2,0.57,
393,"20위 + 60위 + 음봉2",52.3,266,1.2,0.25,
394,"20위 + 음봉1 + 음봉2",52.2,312,1.1,0.14,
395,"20위 + 음봉2",52.2,312,1.1,0.14,
396,"20아래 + 음봉1 + 이격-5",52.2,536,1.1,0.24,
397,"음봉1 + 이격-5",52.2,536,1.1,0.24,
398,"60위 + 갭상승1 + 종가상승3",52.2,157,1.1,0.30,
399,"20위 + RSI과매수70 + 양봉1",52.2,475,1.1,0.55,
400,"RSI과매수70 + 양봉1",52.2,475,1.1,0.55,
401,"20위 + 갭하락1 + 이격+5",52.2,159,1.1,0.16,
402,"갭하락1 + 이격+5",52.2,159,1.1,0.16,
403,"60위 + 갭하락1",52.2,343,1.1,0.09,
404,"20아래 + 갭상승1",52.2,389,1.1,0.28,
405,"3%상승 + 60위 + 종가상승2",52.2,230,1.1,0.35,
406,"20아래 + 고변동5",52.2,531,1.1,0.29,
407,"20아래 + 60아래 + 갭상승1",52.1,282,1.0,0.39,
408,"음봉1",52.1,1944,1.0,0.19,
409,"20아래 + 종가상승2",52.1,240,1.0,0.37,
410,"60아래 + 갭상승1 + 이격-5",52.1,169,1.0,0.44,
411,"RSI과매수70 + 이격+5 + 종가상승2",52.1,315,1.0,0.56,
412,"3%상승 + 양봉1 + 종가상승2",52.0,296,0.9,0.41,
413,"60아래 + 음봉3 + 이격-5",52.0,173,0.9,-0.07,
414,"60아래 + 갭상승1 + 음봉1",52.0,223,0.9,0.05,
415,"60위 + 거래량1.5",52.0,250,0.9,0.35,
416,"60아래 + 갭상승1",52.0,377,0.9,0.37,
417,"3%상승 + 양봉1 + 이격+5",52.0,302,0.9,0.41,
418,"60아래 + RSI과매도30 + 이격-5",52.0,331,0.9,0.35,
419,"60위 + RSI과매수70 + 종가상승2",52.0,306,0.9,0.48,
420,"20고점 + 50고점 + 양봉1",52.0,204,0.9,0.44,
421,"20위 + 50고점 + 양봉1",52.0,204,0.9,0.44,
422,"50고점 + 60위 + 양봉1",52.0,204,0.9,0.44,
423,"50고점 + 양봉1",52.0,204,0.9,0.44,
424,"3%상승 + 양봉2 + 이격+5",52.0,179,0.9,0.15,
425,"50고점 + RSI과매수70 + 양봉1",51.9,156,0.8,0.40,
426,"RSI과매수70 + 양봉1 + 이격+5",51.9,447,0.8,0.53,
427,"20아래 + 60아래 + 종가상승2",51.9,160,0.8,0.59,
428,"20위 + 3일+10% + 60위",51.9,162,0.8,0.76,
429,"20아래 + 3%하락 + 음봉2",51.9,216,0.8,0.41,
430,"음봉1 + 음봉2 + 종가하락2",51.8,598,0.7,0.00,
431,"음봉2 + 종가하락2",51.8,598,0.7,0.00,
432,"3%하락 + 60아래 + 음봉2",51.8,164,0.7,0.39,
433,"20아래 + RSI과매도30 + 이격-5",51.8,357,0.7,0.31,
434,"RSI과매도30 + 이격-5",51.8,357,0.7,0.31,
435,"20아래 + 60아래 + 고변동5",51.7,408,0.6,0.35,
436,"20아래 + 60아래 + RSI과매도30",51.7,350,0.6,0.33,
437,"60아래 + RSI과매도30",51.7,350,0.6,0.33,
438,"20위 + 이격+5",51.7,1172,0.6,0.38,
439,"이격+5",51.7,1172,0.6,0.38,
440,"갭상승1 + 갭상승2 + 종가상승2",51.7,178,0.6,0.57,
441,"갭상승2 + 종가상승2",51.7,178,0.6,0.57,
442,"3%상승",51.7,625,0.6,0.41,
443,"20위 + 고변동5 + 양봉2",51.7,151,0.6,-0.02,
444,"50고점 + 양봉1 + 종가상승2",51.7,151,0.6,0.43,
445,"20아래 + 이격-5",51.6,819,0.5,0.34,
446,"이격-5",51.6,819,0.5,0.34,
447,"RSI과매도30 + 이격-5 + 종가하락2",51.6,153,0.5,0.05,
448,"20위",51.6,2181,0.5,0.26,
449,"3일+10% + 60위 + 이격+5",51.6,155,0.5,0.82,
450,"20위 + 이격+5 + 종가상승3",51.6,312,0.5,0.54,
451,"이격+5 + 종가상승2 + 종가상승3",51.6,312,0.5,0.54,
452,"이격+5 + 종가상승3",51.6,312,0.5,0.54,
453,"20고점 + 양봉1 + 이격+10",51.6,157,0.5,0.45,
454,"갭하락1 + 이격-5 + 종가하락2",51.6,157,0.5,0.06,
455,"거래량1.5",51.6,413,0.5,0.39,
456,"20아래 + 음봉1 + 종가하락2",51.6,512,0.5,0.10,
457,"60위 + RSI과매수70 + 양봉1",51.6,450,0.5,0.50,
458,"60위 + 종가상승2 + 종가상승3",51.5,388,0.4,0.23,
459,"60위 + 종가상승3",51.5,388,0.4,0.23,
460,"20아래 + 60위 + 음봉1",51.5,295,0.4,0.00,
461,"3%상승 + 60아래 + 양봉1",51.5,198,0.4,0.46,
462,"3일+10% + 60위",51.5,167,0.4,0.78,
463,"20위 + 갭상승1 + 이격+5",51.5,375,0.4,0.44,
464,"갭상승1 + 이격+5",51.5,375,0.4,0.44,
465,"20아래 + RSI과매도30",51.5,379,0.4,0.29,
466,"RSI과매도30",51.5,379,0.4,0.29,
467,"20위 + 60위",51.4,1730,0.3,0.28,
468,"갭상승1 + 음봉1",51.4,498,0.3,0.20,
469,"20고점 + 20위 + 50고점",51.4,214,0.3,0.40,
470,"20고점 + 50고점",51.4,214,0.3,0.40,
471,"20고점 + 50고점 + 60위",51.4,214,0.3,0.40,
472,"20위 + 50고점",51.4,214,0.3,0.40,
473,"20위 + 50고점 + 60위",51.4,214,0.3,0.40,
474,"50고점",51.4,214,0.3,0.40,
475,"50고점 + 60위",51.4,214,0.3,0.40,
476,"3%상승 + 60위 + 이격+5",51.4,286,0.3,0.48,
477,"갭하락1 + 음봉1 + 종가하락2",51.4,179,0.3,-0.01,
478,"20위 + 60위 + 종가상승3",51.4,360,0.3,0.28,
479,"20위 + 고변동5 + 종가상승2",51.4,181,0.3,0.17,
480,"60아래 + 갭상승1 + 양봉1",51.3,150,0.2,0.80,
481,"고변동5 + 고변동8",51.3,226,0.2,0.35,
482,"고변동8",51.3,226,0.2,0.35,
483,"50고점 + 양봉1 + 이격+5",51.3,191,0.2,0.44,
484,"60아래 + 음봉1 + 이격-5",51.3,462,0.2,0.24,
485,"고변동5 + 양봉1 + 이격+10",51.3,154,0.2,0.12,
486,"20고점 + 50고점 + 종가상승2",51.3,154,0.2,0.41,
487,"20위 + 50고점 + 종가상승2",51.3,154,0.2,0.41,
488,"50고점 + 60위 + 종가상승2",51.3,154,0.2,0.41,
489,"50고점 + 종가상승2",51.3,154,0.2,0.41,
490,"3%상승 + 갭상승1",51.3,347,0.2,0.40,
491,"60위 + 종가상승2",51.3,702,0.2,0.20,
492,"20아래 + 음봉2 + 종가하락2",51.3,435,0.2,0.02,
493,"60위",51.3,2228,0.2,0.20,
494,"20고점 + 20위 + 이격+10",51.2,160,0.2,0.40,
495,"20고점 + 이격+10",51.2,160,0.2,0.40,
496,"20고점 + 이격+10 + 이격+5",51.2,160,0.2,0.40,
497,"20위 + RSI과매수70 + 양봉3",51.2,160,0.2,0.44,
498,"RSI과매수70 + 양봉1 + 양봉3",51.2,160,0.2,0.44,
499,"RSI과매수70 + 양봉2 + 양봉3",51.2,160,0.2,0.44,
500,"RSI과매수70 + 양봉3",51.2,160,0.2,0.44,
501,"20아래 + 3%하락 + 음봉1",51.2,375,0.1,0.44,
502,"20아래 + 60아래 + 이격-5",51.2,709,0.1,0.35,
503,"60아래 + 이격-5",51.2,709,0.1,0.35,
504,"20위 + 이격+5 + 종가상승2",51.2,506,0.1,0.40,
505,"이격+5 + 종가상승2",51.2,506,0.1,0.40,
506,"20위 + 60위 + 종가상승2",51.1,622,0.0,0.23,
507,"3%상승 + 60위",51.1,415,0.0,0.35,
508,"종가상승2",51.1,1016,0.0,0.28,
509,"20아래 + 음봉2 + 이격-5",51.1,331,0.0,0.08,
510,"음봉1 + 음봉2 + 이격-5",51.1,331,0.0,0.08,
511,"음봉2 + 이격-5",51.1,331,0.0,0.08,
512,"3%하락 + 갭하락1",51.0,286,-0.1,0.10,
513,"갭상승1",51.0,959,-0.1,0.26,
514,"3일+10% + 종가상승2",51.0,153,-0.1,0.77,
515,"갭상승1 + 갭상승2 + 음봉1",51.0,208,-0.1,0.49,
516,"갭상승2 + 음봉1",51.0,208,-0.1,0.49,
517,"갭상승1 + 거래량1.5",51.0,157,-0.1,0.34,
518,"양봉1 + 이격+5 + 종가상승2",50.9,422,-0.2,0.32,
519,"20아래 + 60위 + 종가하락2",50.9,159,-0.2,-0.02,
520,"3%상승 + 양봉1",50.9,587,-0.2,0.31,
521,"20고점 + 50고점 + RSI과매수70",50.9,163,-0.2,0.37,
522,"20위 + 50고점 + RSI과매수70",50.9,163,-0.2,0.37,
523,"50고점 + 60위 + RSI과매수70",50.9,163,-0.2,0.37,
524,"50고점 + RSI과매수70",50.9,163,-0.2,0.37,
525,"60아래 + 거래량1.5",50.9,163,-0.2,0.46,
526,"60위 + 갭상승1 + 음봉1",50.9,275,-0.2,0.31,
527,"갭상승1 + 양봉1 + 이격+5",50.9,220,-0.2,0.33,
528,"60아래 + 음봉1",50.9,939,-0.2,0.14,
529,"20위 + 양봉2 + 이격+5",50.9,442,-0.2,0.24,
530,"양봉1 + 양봉2 + 이격+5",50.9,442,-0.2,0.24,
531,"양봉2 + 이격+5",50.9,442,-0.2,0.24,
532,"20아래 + 고변동5 + 양봉1",50.9,167,-0.2,0.50,
533,"60아래",50.9,1729,-0.2,0.22,
534,"60위 + 이격+5 + 종가상승3",50.9,279,-0.2,0.42,
535,"20위 + 갭하락1",50.9,285,-0.2,-0.04,
536,"60아래 + 양봉1",50.9,747,-0.2,0.31,
537,"20위 + 60위 + 이격+5",50.8,1060,-0.3,0.36,
538,"60위 + 이격+5",50.8,1060,-0.3,0.36,
539,"60아래 + 음봉1 + 음봉2",50.8,492,-0.3,-0.04,
540,"60아래 + 음봉2",50.8,492,-0.3,-0.04,
541,"60위 + 양봉1 + 종가상승3",50.8,309,-0.3,0.18,
542,"20위 + 종가상승2 + 종가상승3",50.8,439,-0.3,0.37,
543,"20위 + 종가상승3",50.8,439,-0.3,0.37,
544,"20아래 + 음봉1",50.8,1071,-0.3,0.10,
545,"20위 + 3%상승",50.8,451,-0.3,0.41,
546,"양봉1 + 이격+5 + 종가상승3",50.8,258,-0.3,0.47,
547,"20위 + 종가상승2",50.8,776,-0.3,0.25,
548,"20고점 + 50고점 + 이격+5",50.8,197,-0.3,0.42,
549,"20위 + 50고점 + 이격+5",50.8,197,-0.3,0.42,
550,"50고점 + 60위 + 이격+5",50.8,197,-0.3,0.42,
551,"50고점 + 이격+5",50.8,197,-0.3,0.42,
552,"60위 + 고변동5 + 양봉1",50.7,270,-0.4,0.12,
553,"20위 + 양봉1 + 종가상승3",50.7,357,-0.4,0.37,
554,"음봉1 + 음봉2",50.7,929,-0.4,0.02,
555,"음봉2",50.7,929,-0.4,0.02,
556,"20위 + 양봉1 + 이격+5",50.7,736,-0.4,0.32,
557,"양봉1 + 이격+5",50.7,736,-0.4,0.32,
558,"20아래 + 60아래 + 음봉2",50.7,446,-0.4,0.01,
559,"고변동5 + 종가상승2",50.7,227,-0.4,0.25,
560,"20아래 + RSI과매도30 + 음봉2",50.6,154,-0.4,-0.07,
561,"RSI과매도30 + 음봉1 + 음봉2",50.6,154,-0.4,-0.07,
562,"RSI과매도30 + 음봉2",50.6,154,-0.4,-0.07,
563,"20위 + 갭상승1 + 양봉1",50.6,310,-0.5,0.26,
564,"3%상승 + 60위 + 양봉1",50.6,389,-0.5,0.23,
565,"50고점 + RSI과매수70 + 이격+5",50.6,156,-0.5,0.39,
566,"60아래 + 종가상승2",50.6,314,-0.5,0.46,
567,"20아래 + RSI과매도30 + 종가하락2",50.6,160,-0.5,0.03,
568,"RSI과매도30 + 종가하락2",50.6,160,-0.5,0.03,
569,"갭상승1 + 고변동5",50.6,324,-0.5,0.15,
570,"60아래 + 고변동5",50.6,494,-0.5,0.27,
571,"20아래 + 60위",50.6,498,-0.5,-0.09,
572,"60위 + 음봉1 + 음봉2",50.6,437,-0.5,0.10,
573,"60위 + 음봉2",50.6,437,-0.5,0.10,
574,"3%상승 + 고변동5 + 이격+5",50.6,178,-0.5,0.17,
575,"20위 + 3%상승 + 60위",50.6,360,-0.5,0.41,
576,"60위 + 양봉1 + 종가상승2",50.5,560,-0.6,0.11,
577,"60아래 + 음봉2 + 이격-5",50.5,285,-0.6,0.07,
578,"20아래 + 60아래 + 음봉1",50.5,776,-0.6,0.13,
579,"20아래",50.5,1776,-0.6,0.15,
580,"3일+10%",50.5,222,-0.6,0.83,
581,"60위 + 이격+5 + 종가상승2",50.4,450,-0.7,0.35,
582,"20위 + 3%상승 + 갭상승1",50.4,236,-0.7,0.40,
583,"20아래 + 60아래",50.4,1278,-0.7,0.24,
584,"20위 + 양봉1",50.4,1267,-0.7,0.23,
585,"60위 + 갭상승1",50.3,582,-0.8,0.19,
586,"20고점 + 60위 + 이격+10",50.3,155,-0.8,0.32,
587,"3%하락 + 60아래",50.3,324,-0.8,0.38,
588,"거래량절반",50.3,163,-0.8,0.21,
589,"60아래 + 갭하락1 + 종가하락2",50.3,179,-0.8,-0.18,
590,"60위 + 갭상승1 + 고변동5",50.3,185,-0.8,-0.11,
591,"20위 + 60위 + 갭상승2",50.2,205,-0.9,0.37,
592,"20위 + 3%상승 + 양봉1",50.2,426,-0.9,0.32,
593,"20고점 + 양봉1 + 종가상승2",50.2,217,-0.9,0.44,
594,"20위 + 60위 + 거래량1.5",50.2,219,-0.9,0.35,
595,"갭상승1 + 양봉1",50.2,452,-0.9,0.30,
596,"60위 + 갭상승1 + 갭상승2",50.2,243,-0.9,0.30,
597,"60위 + 갭상승2",50.2,243,-0.9,0.30,
598,"20위 + 갭상승1",50.2,570,-0.9,0.24,
599,"20고점 + 20위 + 양봉1",50.2,299,-0.9,0.39,
600,"20고점 + 양봉1",50.2,299,-0.9,0.39,
601,"60위 + 갭상승1 + 이격+5",50.1,343,-1.0,0.37,
602,"양봉1",50.1,1930,-1.0,0.22,
603,"20위 + 양봉1 + 종가상승2",50.1,635,-1.0,0.18,
604,"20위 + 60위 + 갭하락1",50.0,226,-1.1,-0.02,
605,"60위 + 거래량1.5 + 이격+5",50.0,176,-1.1,0.41,
606,"20위 + 갭상승1 + 음봉1",50.0,256,-1.1,0.22,
607,"20고점 + RSI과매수70 + 양봉1",50.0,206,-1.1,0.32,
608,"60위 + 음봉2 + 종가하락2",50.0,250,-1.1,0.00,
609,"3%상승 + 60위 + 고변동5",50.0,210,-1.1,0.23,
610,"3%상승 + 고변동5 + 종가상승2",50.0,166,-1.1,0.29,
611,"3%하락 + 갭하락1 + 고변동5",50.0,150,-1.1,0.15,
612,"갭하락1 + 음봉1",50.0,344,-1.1,-0.03,
613,"60위 + RSI과매수70 + 양봉3",50.0,150,-1.1,0.32,
614,"RSI과매수70 + 양봉3 + 이격+5",50.0,154,-1.1,0.45,
615,"갭하락1 + 음봉2 + 종가하락2",50.0,154,-1.1,-0.04,
616,"60아래 + 양봉1 + 이격-5",50.0,234,-1.1,0.52,
617,"20아래 + 갭하락1 + 양봉1",50.0,200,-1.1,0.05,
618,"60아래 + 갭하락1 + 양봉1",50.0,186,-1.1,-0.03,
619,"20아래 + 음봉1 + 음봉2",49.9,617,-1.2,-0.03,
620,"20아래 + 음봉2",49.9,617,-1.2,-0.03,
621,"20위 + 60위 + 갭상승1",49.9,475,-1.2,0.23,
622,"20아래 + 60아래 + 양봉1",49.9,471,-1.2,0.38,
623,"양봉2 + 이격+5 + 종가상승2",49.9,353,-1.2,0.10,
624,"20고점",49.8,311,-1.3,0.36,
625,"20고점 + 20위",49.8,311,-1.3,0.36,
626,"3%상승 + 갭상승1 + 양봉1",49.8,309,-1.3,0.20,
627,"20아래 + 양봉1 + 이격-5",49.8,267,-1.3,0.50,
628,"양봉1 + 이격-5",49.8,267,-1.3,0.50,
629,"3%상승 + 60위 + 갭상승1",49.8,229,-1.3,0.23,
630,"20고점 + 20위 + 종가상승2",49.8,221,-1.3,0.42,
631,"20고점 + 종가상승2",49.8,221,-1.3,0.42,
632,"RSI과매수70 + 양봉2 + 종가상승2",49.8,217,-1.3,0.20,
633,"양봉1 + 종가상승2",49.8,810,-1.3,0.16,
634,"20위 + 60위 + 양봉1",49.7,991,-1.4,0.25,
635,"갭상승1 + 갭상승2 + 고변동5",49.7,185,-1.4,0.08,
636,"갭상승2 + 고변동5",49.7,185,-1.4,0.08,
637,"종가상승2 + 종가상승3",49.7,519,-1.4,0.25,
638,"종가상승3",49.7,519,-1.4,0.25,
639,"거래량1.5 + 거래량2",49.7,155,-1.4,0.62,
640,"거래량2",49.7,155,-1.4,0.62,
641,"20위 + 거래량1.5 + 고변동5",49.7,155,-1.4,0.51,
642,"60위 + 갭상승1 + 양봉1",49.7,302,-1.4,0.06,
643,"20아래 + 3%하락 + 60아래",49.7,298,-1.4,0.44,
644,"양봉1 + 종가상승2 + 종가상승3",49.6,413,-1.5,0.22,
645,"양봉1 + 종가상승3",49.6,413,-1.5,0.22,
646,"20아래 + 양봉1",49.6,663,-1.5,0.20,
647,"60위 + 양봉1 + 이격+5",49.6,659,-1.5,0.27,
648,"60위 + 양봉1",49.6,1183,-1.5,0.17,
649,"60위 + 양봉2 + 이격+5",49.6,393,-1.5,0.17,
650,"3%하락 + 갭하락1 + 음봉1",49.6,258,-1.5,0.06,
651,"갭하락1 + 양봉1",49.6,379,-1.5,-0.05,
652,"갭상승1 + 음봉1 + 음봉2",49.5,216,-1.6,0.04,
653,"갭상승1 + 음봉2",49.5,216,-1.6,0.04,
654,"20고점 + 20위 + RSI과매수70",49.5,214,-1.6,0.30,
655,"20고점 + RSI과매수70",49.5,214,-1.6,0.30,
656,"60아래 + 양봉1 + 양봉2",49.5,317,-1.6,0.16,
657,"60아래 + 양봉2",49.5,317,-1.6,0.16,
658,"갭하락1",49.5,737,-1.6,-0.04,
659,"양봉2 + 이격+5 + 종가상승3",49.5,210,-1.6,0.22,
660,"20위 + 양봉1 + 양봉2",49.5,675,-1.6,0.08,
661,"20위 + 양봉2",49.5,675,-1.6,0.08,
662,"20고점 + 양봉1 + 이격+5",49.5,281,-1.6,0.35,
663,"3%하락 + 60아래 + 음봉1",49.4,308,-1.7,0.36,
664,"20위 + 60아래 + 종가상승2",49.4,154,-1.7,0.32,
665,"고변동5 + 양봉1",49.3,458,-1.8,0.14,
666,"20고점 + 60위 + 양봉1",49.3,282,-1.8,0.34,
667,"20고점 + 20위 + 양봉2",49.3,211,-1.8,0.36,
668,"20고점 + 양봉1 + 양봉2",49.3,211,-1.8,0.36,
669,"20고점 + 양봉2",49.3,211,-1.8,0.36,
670,"20위 + 양봉2 + 종가상승3",49.3,278,-1.8,0.12,
671,"3%상승 + 갭상승1 + 갭상승2",49.3,207,-1.8,0.28,
672,"3%상승 + 갭상승2",49.3,207,-1.8,0.28,
673,"20고점 + 60위 + 종가상승2",49.3,207,-1.8,0.35,
674,"20고점 + RSI과매수70 + 이격+5",49.3,207,-1.8,0.32,
675,"20고점 + 양봉2 + 이격+5",49.3,201,-1.8,0.37,
676,"60위 + 갭하락1 + 양봉1",49.2,193,-1.9,-0.06,
677,"20위 + 갭하락1 + 양봉1",49.2,179,-1.9,-0.15,
678,"60위 + 양봉2 + 종가상승3",49.2,238,-1.9,-0.05,
679,"20고점 + 20위 + 60위",49.1,293,-2.0,0.32,
680,"20고점 + 60위",49.1,293,-2.0,0.32,
681,"20고점 + 20위 + 이격+5",49.1,289,-2.0,0.33,
682,"20고점 + 이격+5",49.1,289,-2.0,0.33,
683,"갭하락1 + 고변동5",49.1,289,-2.0,0.01,
684,"20위 + 3%상승 + 양봉2",49.1,228,-2.0,0.07,
685,"3%상승 + 고변동5",49.1,324,-2.0,0.23,
686,"양봉1 + 양봉2",49.1,915,-2.0,0.06,
687,"양봉2",49.1,915,-2.0,0.06,
688,"60위 + 갭상승1 + 양봉2",49.1,161,-2.0,-0.10,
689,"고변동5 + 양봉1 + 이격+5",49.1,214,-2.0,-0.14,
690,"20고점 + 60위 + RSI과매수70",49.0,208,-2.1,0.23,
691,"3%상승 + 60위 + 양봉2",49.0,198,-2.1,-0.08,
692,"20위 + 갭상승1 + 갭상승2",49.0,247,-2.1,0.38,
693,"20위 + 갭상승2",49.0,247,-2.1,0.38,
694,"20아래 + 60위 + 양봉1",49.0,192,-2.1,-0.24,
695,"20고점 + 양봉2 + 종가상승2",48.9,188,-2.2,0.41,
696,"갭상승1 + 양봉2 + 종가상승2",48.9,184,-2.2,0.03,
697,"60위 + 양봉1 + 양봉2",48.8,598,-2.3,0.00,
698,"60위 + 양봉2",48.8,598,-2.3,0.00,
699,"3%상승 + 5%상승",48.8,254,-2.3,0.27,
700,"5%상승",48.8,254,-2.3,0.27,
701,"20위 + 갭상승1 + 양봉2",48.8,168,-2.3,-0.06,
702,"20고점 + 이격+5 + 종가상승2",48.8,209,-2.3,0.42,
703,"20아래 + 3%하락 + 갭하락1",48.8,207,-2.3,0.15,
704,"3%상승 + 양봉1 + 양봉2",48.8,287,-2.3,0.04,
705,"3%상승 + 양봉2",48.8,287,-2.3,0.04,
706,"60위 + 양봉2 + 종가상승2",48.8,445,-2.3,-0.10,
707,"갭상승1 + 갭상승2",48.7,392,-2.4,0.23,
708,"갭상승2",48.7,392,-2.4,0.23,
709,"3%상승 + 5%상승 + 고변동5",48.7,193,-2.4,0.28,
710,"5%상승 + 고변동5",48.7,193,-2.4,0.28,
711,"20위 + 3%상승 + 고변동5",48.7,230,-2.4,0.13,
712,"20아래 + 갭하락1",48.7,452,-2.4,-0.04,
713,"20위 + 거래량1.5 + 이격+5",48.7,187,-2.4,0.34,
714,"거래량1.5 + 이격+5",48.7,187,-2.4,0.34,
715,"20아래 + 갭하락1 + 고변동5",48.6,185,-2.5,0.17,
716,"20위 + 갭상승1 + 고변동5",48.6,183,-2.5,-0.09,
717,"양봉1 + 양봉2 + 종가상승3",48.6,317,-2.5,0.01,
718,"양봉2 + 종가상승2 + 종가상승3",48.6,317,-2.5,0.01,
719,"양봉2 + 종가상승3",48.6,317,-2.5,0.01,
720,"20아래 + 양봉1 + 종가상승2",48.6,175,-2.5,0.12,
721,"20위 + 60위 + 양봉2",48.5,524,-2.6,0.04,
722,"20고점 + 60위 + 양봉2",48.5,196,-2.6,0.28,
723,"20위 + 고변동5 + 양봉1",48.5,291,-2.6,-0.07,
724,"20위 + 양봉2 + 종가상승2",48.4,514,-2.7,-0.07,
725,"고변동5 + 양봉1 + 종가상승2",48.4,192,-2.7,0.11,
726,"20위 + 양봉3 + 종가상승3",48.4,217,-2.7,0.04,
727,"20위 + 5%상승 + 60위",48.4,153,-2.7,0.42,
728,"60위 + 양봉3 + 종가상승3",48.4,182,-2.7,-0.12,
729,"양봉1 + 양봉3 + 종가상승3",48.3,242,-2.8,-0.02,
730,"양봉2 + 양봉3 + 종가상승3",48.3,242,-2.8,-0.02,
731,"양봉3 + 종가상승2 + 종가상승3",48.3,242,-2.8,-0.02,
732,"양봉3 + 종가상승3",48.3,242,-2.8,-0.02,
733,"20아래 + 갭하락1 + 음봉1",48.3,242,-2.8,-0.10,
734,"양봉1 + 양봉2 + 종가상승2",48.3,644,-2.8,-0.03,
735,"양봉2 + 종가상승2",48.3,644,-2.8,-0.03,
736,"양봉3 + 이격+5 + 종가상승3",48.2,166,-2.9,0.16,
737,"20고점 + 60위 + 이격+5",48.2,272,-2.9,0.28,
738,"20위 + 거래량1.5",48.1,243,-3.0,0.23,
739,"20위 + 3%상승 + 5%상승",48.1,189,-3.0,0.31,
740,"20위 + 5%상승",48.1,189,-3.0,0.31,
741,"3%상승 + 5%상승 + 양봉1",48.1,235,-3.0,0.05,
742,"5%상승 + 양봉1",48.1,235,-3.0,0.05,
743,"갭하락1 + 음봉1 + 음봉2",48.0,177,-3.1,-0.20,
744,"갭하락1 + 음봉2",48.0,177,-3.1,-0.20,
745,"60아래 + 양봉1 + 종가상승2",48.0,250,-3.1,0.28,
746,"20아래 + 60위 + 음봉2",48.0,171,-3.1,-0.14,
747,"3%상승 + 5%상승 + 60위",48.0,171,-3.1,0.32,
748,"5%상승 + 60위",48.0,171,-3.1,0.32,
749,"20아래 + 양봉1 + 양봉2",47.9,240,-3.2,-0.01,
750,"20아래 + 양봉2",47.9,240,-3.2,-0.01,
751,"3%상승 + 양봉2 + 종가상승2",47.9,236,-3.2,0.01,
752,"3%상승 + 갭상승1 + 고변동5",47.8,159,-3.3,0.15,
753,"갭상승1 + 양봉1 + 양봉2",47.8,226,-3.3,0.00,
754,"갭상승1 + 양봉2",47.8,226,-3.3,0.00,
755,"5%상승 + 고변동5 + 양봉1",47.8,180,-3.3,0.06,
756,"20위 + 5%상승 + 양봉1",47.8,178,-3.3,0.10,
757,"고변동5 + 양봉1 + 양봉2",47.7,199,-3.4,-0.23,
758,"고변동5 + 양봉2",47.7,199,-3.4,-0.23,
759,"20위 + 양봉3 + 이격+5",47.7,243,-3.4,0.18,
760,"양봉1 + 양봉3 + 이격+5",47.7,243,-3.4,0.18,
761,"양봉2 + 양봉3 + 이격+5",47.7,243,-3.4,0.18,
762,"양봉3 + 이격+5",47.7,243,-3.4,0.18,
763,"3%상승 + 고변동5 + 양봉1",47.7,304,-3.4,0.07,
764,"양봉1 + 양봉2 + 양봉3",47.6,416,-3.5,-0.02,
765,"양봉1 + 양봉3",47.6,416,-3.5,-0.02,
766,"양봉2 + 양봉3",47.6,416,-3.5,-0.02,
767,"양봉3",47.6,416,-3.5,-0.02,
768,"20위 + 양봉1 + 양봉3",47.5,343,-3.6,0.01,
769,"20위 + 양봉2 + 양봉3",47.5,343,-3.6,0.01,
770,"20위 + 양봉3",47.5,343,-3.6,0.01,
771,"5%상승 + 60위 + 양봉1",47.5,160,-3.6,0.08,
772,"20아래 + 갭하락1 + 이격-5",47.4,266,-3.7,-0.03,
773,"갭하락1 + 이격-5",47.4,266,-3.7,-0.03,
774,"60아래 + 고변동5 + 양봉1",47.3,188,-3.8,0.15,
775,"3%상승 + 5%상승 + 갭상승1",47.3,184,-3.8,0.13,
776,"5%상승 + 갭상승1",47.3,184,-3.8,0.13,
777,"60아래 + 양봉2 + 종가상승2",47.2,199,-3.9,0.12,
778,"60아래 + 갭하락1",47.2,394,-3.9,-0.16,
779,"양봉1 + 양봉3 + 종가상승2",47.0,283,-4.1,-0.14,
780,"양봉2 + 양봉3 + 종가상승2",47.0,283,-4.1,-0.14,
781,"양봉3 + 종가상승2",47.0,283,-4.1,-0.14,
782,"20위 + 양봉3 + 종가상승2",47.0,247,-4.1,-0.07,
783,"3일+10% + 양봉1",46.9,160,-4.2,0.49,
784,"3%상승 + 갭상승1 + 양봉2",46.8,156,-4.3,-0.08,
785,"갭하락1 + 양봉1 + 양봉2",46.8,156,-4.3,-0.33,
786,"갭하락1 + 양봉2",46.8,156,-4.3,-0.33,
787,"양봉3 + 이격+5 + 종가상승2",46.6,189,-4.5,0.08,
788,"20위 + 60위 + 양봉3",46.4,265,-4.7,0.01,
789,"갭하락1 + 음봉1 + 이격-5",46.4,153,-4.7,-0.08,
790,"20아래 + 60아래 + 양봉2",46.4,166,-4.7,0.11,
791,"60위 + 양봉3 + 종가상승2",46.3,205,-4.8,-0.16,
792,"60위 + 양봉3 + 이격+5",46.2,212,-4.9,0.08,
793,"3%상승 + 갭상승2 + 양봉1",46.2,169,-4.9,-0.10,
794,"갭상승1 + 갭상승2 + 양봉1",46.2,182,-4.9,-0.05,
795,"갭상승2 + 양봉1",46.2,182,-4.9,-0.05,
796,"5%상승 + 갭상승1 + 양봉1",46.1,165,-5.0,-0.19,
797,"20아래 + 60아래 + 갭하락1",46.0,335,-5.1,-0.17,
798,"60위 + 양봉1 + 양봉3",46.0,285,-5.1,-0.05,
799,"60위 + 양봉2 + 양봉3",46.0,285,-5.1,-0.05,
800,"60위 + 양봉3",46.0,285,-5.1,-0.05,
801,"60아래 + 갭하락1 + 이격-5",45.6,226,-5.5,-0.14,
802,"양봉1 + 양봉2 + 양봉4",45.5,187,-5.6,-0.12,
803,"양봉1 + 양봉3 + 양봉4",45.5,187,-5.6,-0.12,
804,"양봉1 + 양봉4",45.5,187,-5.6,-0.12,
805,"양봉2 + 양봉3 + 양봉4",45.5,187,-5.6,-0.12,
806,"양봉2 + 양봉4",45.5,187,-5.6,-0.12,
807,"양봉3 + 양봉4",45.5,187,-5.6,-0.12,
808,"양봉4",45.5,187,-5.6,-0.12,
809,"60아래 + 갭하락1 + 음봉1",45.2,199,-5.9,-0.27,
810,"3%하락 + 60아래 + 갭하락1",45.0,171,-6.1,-0.16,
811,"20위 + 양봉1 + 양봉4",44.8,165,-6.3,-0.18,
812,"20위 + 양봉2 + 양봉4",44.8,165,-6.3,-0.18,
813,"20위 + 양봉3 + 양봉4",44.8,165,-6.3,-0.18,
814,"20위 + 양봉4",44.8,165,-6.3,-0.18,
815,"60아래 + 갭하락1 + 고변동5",44.4,171,-6.7,-0.18,
816,"거래량1.5 + 양봉1",43.8,210,-7.3,-0.05,
817,"60위 + 거래량1.5 + 양봉1",43.7,151,-7.4,-0.22,
818,"20위 + 거래량1.5 + 양봉1",41.1,163,-10.0,-0.36,
